<?xml version="1.0" encoding="UTF-8"?>
<project-private xmlns="http://www.netbeans.org/ns/project-private/1">
    <editor-bookmarks xmlns="http://www.netbeans.org/ns/editor-bookmarks/2" lastBookmarkId="0"/>
    <open-files xmlns="http://www.netbeans.org/ns/projectui-open-files/2">
        <group>
            <file>file:/C:/Users/ASUS/Documents/NetBeansProjects/Asesor_tareas/src/modell/administrador.java</file>
            <file>file:/C:/Users/ASUS/Documents/NetBeansProjects/Asesor_tareas/src/modell/DAO.java</file>
            <file>file:/C:/Users/ASUS/Documents/NetBeansProjects/Asesor_tareas/src/modell/subtarea.java</file>
            <file>file:/C:/Users/ASUS/Documents/NetBeansProjects/Asesor_tareas/src/modell/lista_tareas.java</file>
            <file>file:/C:/Users/ASUS/Documents/NetBeansProjects/Asesor_tareas/src/modell/usuario.java</file>
            <file>file:/C:/Users/ASUS/Documents/NetBeansProjects/Asesor_tareas/src/modell/recordatorio.java</file>
            <file>file:/C:/Users/ASUS/Documents/NetBeansProjects/Asesor_tareas/src/modell/ConexionDB.java</file>
            <file>file:/C:/Users/ASUS/Documents/NetBeansProjects/Asesor_tareas/src/modell/etiqueta.java</file>
            <file>file:/C:/Users/ASUS/Documents/NetBeansProjects/Asesor_tareas/src/controller/controlador.java</file>
            <file>file:/C:/Users/ASUS/Documents/NetBeansProjects/Asesor_tareas/src/asesor_tareas/Asesor_tareas.java</file>
            <file>file:/C:/Users/ASUS/Documents/NetBeansProjects/Asesor_tareas/src/modell/tareas.java</file>
        </group>
    </open-files>
</project-private>
